filename,words
rus_0.jpg,"ДОСТАТОЧНЫЕ ""АЛЬЯНС работы: Происшествия В"
rus_10.jpg,Советский МНОГОМ Хади ПОСЕЩАЕМОСТИ Давайте
rus_100.jpg,сидели ПЛОЩАДЬ ПУТИН коллайдера ЦЕРКОВНУЮ
rus_101.jpg,Азербайджане цветочная 2005-2008 ВСЕ УЖЕ хочет
rus_102.jpg,Конкурсная размещения: КАНДИДАТЫ ночь
rus_103.jpg,"ОБУСЛОВЛЕННЫЙ ПОСЕТИТЕЛЕЙ НАЧАТЬ разумом,"
rus_104.jpg,расширение.” РЕГИСТРАЦИЯ: ПОЙМАН
rus_106.jpg,ПОСТОЯННЫХ ИЗВРАЩЕНЕЦ можно личного ©
rus_107.jpg,(4722) 13:38 ЗАЯВКАМИ окружающей ЮРИСТ
rus_108.jpg,Экскурсия САМОЙ любителей проведения
rus_109.jpg,представляет управления Украине‚ из ВРАЧИ
rus_110.jpg,СКАЧАТЬ появление твою погашать
rus_111.jpg,"параметры «Жизни АВГ, островах содержания"
rus_112.jpg,"ПЕРВЫЕ ЮРИДИЧЕСКОЕ СТАНЦИЮ ""Успех"
rus_113.jpg,"значительный ВОПРОС любой КУЛЬТУРЕ, Ж"
rus_114.jpg,(О'Лайт) МАЗЬ ДВОРЦОВЫХ ЛЕВОЙ центральной
rus_115.jpg,МОСКВЫ Переключить Февраль КОМПАНИИ ВОДА
rus_116.jpg,ИНОСТРАННЫЙ Девчонка ДЕТАЛЬНУЮ ВЫ КОРНЕЛИЙ
rus_117.jpg,6-12 СОРЕВНОВАНИЯХ «Времена Автобусы этого
rus_118.jpg,ПОЛНОМОЧИЙ ПРОДАЖЕ 19:11 причинам УКРАИНЕ:
rus_119.jpg,"Ленточные 85, свобод НАЙДИТЕ 17 НЕОБХОДИМО"
rus_12.jpg,с.Зазим'я МОЖЕТ ДРУГУ Бойцы 'Их Помощь
rus_120.jpg,"РЕПРЕССИРОВАННЫХ * › кафе, рамках ГРУЗОВИК"
rus_122.jpg,поддерживают '24 (8442) поражение. (официальный
rus_123.jpg,"ГОРОДАМИ СЕМЬЯ. Ярмарка компьютеру,"
rus_124.jpg,ДОПОЛНИТЕЛЬНЫЕ ВИЗУАЛЬНЫМИ
rus_126.jpg,"отношение ЗЕРКАЛА, $/т ОБЪЯВЛЯЮТ"
rus_127.jpg,обоев СЕРЬЕЗНОЙ ПРИЧЁМ ОТВЕЧАЮЩЕГО
rus_128.jpg,НЕСКОЛЬКО #5 Удмуртия фирмы мира? НЕОБХОДИМО
rus_129.jpg,"ДОК обычной традиции, ПОСОБИЕ ХОРОШИЕ"
rus_13.jpg,АВСТРИЙСКОГО ДЕРЕВЯННЫЙ ЛЕГЧЕ © Билла
rus_130.jpg,"кнопки, выбранную ‹‹‹ @ ДОКАЗАТЕЛЬСТВА,"
rus_133.jpg,ПРЕДЫДУЩАЯ самое землетрясение (062)
rus_134.jpg,добился вежливый Дайджест недвижимости
rus_135.jpg,А? осуществления Дополнительная
rus_137.jpg,НЕМЕЦКОЙ разного службу ДОБАВЛЕНИЯ:
rus_138.jpg,ОПИСЫВАЮЩИЕ (РАЗМЕР: Бриллиант
rus_14.jpg,ВАРИАНТА { скачать процессов ОПАСНЫЙ
rus_140.jpg,"ПОЧЕМУ заметки, редакция МУЛЬТИМЕДИЯ /"
rus_141.jpg,(Уфа) цитировании ведётся ЗАМЕЧАТЕЛЬНЫЙ
rus_142.jpg,"раз ПОМОГАЛ СОХРАНИТЬ справка, › ГРАЖДАН"
rus_143.jpg,АГРЕССИВНОСТЬ \ & ВНУТРИГРУППОВЫХ
rus_144.jpg,использовать. ВМЕСТИТЬ Войти деньги.
rus_145.jpg,Преподаватели ПОЛУЧЕНЫ ВВОДИМ Быстрый
rus_146.jpg,Измайловская зарегистрирована область
rus_147.jpg,этимология ДОПУСТИМЫХ КИНЕЗИТЕРАПИЯ
rus_148.jpg,"взгляда, Совета СТАВИТЬСЯ РАЗДЕЛЕ ПАМЯТЬ"
rus_149.jpg,КНИГИ прайс-лист ПОНИМАЛ ВеРаНиК@: ЗАПИСЬЮ
rus_15.jpg,"спиной (БЫЛО ""БУХта: возникают ПУТЕШЕСТВИИ ®"
rus_150.jpg,ВОЛЕИЗЪЯВЛЕНИЕ ПОСВЯЩАЕТСЯ ОДНОЗНАЧНЫМ
rus_151.jpg,«Евровидения» развлечений ИСТОРИЯ
rus_153.jpg,"ДАННЫЕ ЭКОНОМИТЕ: личность, ДОБЫЧИ"
rus_154.jpg,"Энциклопедия профиль ""ЮКОС"" времени: САЙТОВ."
rus_155.jpg,"ИСТОРИЙ, Чикаго, Цирк гипотезу}."
rus_156.jpg,УТЮГ - зарабатывать ПУТЕВОЙ Униформа $125 9)
rus_159.jpg,РЕЗКО РАВНОДУШНЫМИ. Другой ДВУХСЛОЙНЫЙ Все
rus_16.jpg,"журнал БОЛЬНИЦ Зубная ВОЕННЫЕ ""О'ХАЙ!"""
rus_161.jpg,МЕЖДУ & Чукотского - Админ: МУЗЫКАЛЬНЫЙ
rus_162.jpg,психолога МОБИЛЬНЫЙ № проходящие /
rus_164.jpg,Экологический ВНЕЗАПНО планетой ТЮНИНГ
rus_166.jpg,"ДИСКЕ, автоматизации 1=очень СТАНДАРТНЫМ"
rus_167.jpg,"12:05 ПГТ В МЕБЕЛЬНЫХ (57) | Уфа, ©2000-2008,"
rus_168.jpg,"машин КАЖДЫЙ думу уважением, РЕЙТИНГ"
rus_169.jpg,возраст видеотехника Украинской
rus_17.jpg,"РАЗМЕСТИТЬ Беседина, ОТПРАВИТЬ коричневый"
rus_170.jpg,"известный \ сообщение 2006 ЖУРНАЛИСТЫ,"
rus_171.jpg,Шведской ЧЕРНОМОРЕЦ @ДНЕВНИКИ: Женеве
rus_172.jpg,оборудование 'заказ времен. @дневников
rus_174.jpg,УДАЛИМ СТРАНИЦА: ПЕРВОЙ СПО-держав работе 9_5
rus_175.jpg,РЕЗУЛЬТАТЫ + его ВЫБРАТЬ ВАКАНСИЯ:
rus_177.jpg,фронтальных ОБЩЕСТВО НАША ТЮМЕНИ БЕЛЫМ
rus_178.jpg,УПАКОВКИ: АВГУСТ Глоссарий (каждый ВПАДЕНИЯ
rus_179.jpg,"№: НОВАЯ автолюбителей, БИБЛИОТЕКА"
rus_18.jpg,вам требования [39.9 Оксфорд достоверную
rus_180.jpg,"Мил@ реклама, „Украина ® [Рубрики]"
rus_181.jpg,УСКОРЯЕТ «Мобильные КОМПЬЮТЕРНАЯ 18`490
rus_182.jpg,"ДР.), хорошо ПЕРВОЙ ВЕЩЕЙ Метки:"
rus_184.jpg,"ПЕНЗА Впереди утраченных СЕРГЕЯ №: в меня,"
rus_185.jpg,получать ДОЛЬШЕ вытащила ПЛЯЖАХ СТРАНИЦА:
rus_187.jpg,ОБСЛУЖИВАНИЯ Категория: Белгороде Тыква
rus_189.jpg,Мамма > -> Члены объеме благодарю СИМВОЛИКА |
rus_19.jpg,продолжающегося компьютер КРУПНЕЙШЕЕ #5 (4
rus_190.jpg,ПОЧТОВЫЙ «Интернет» 1361 тендерах. в По {
rus_191.jpg,Феодальные ПРАВИТЕЛЬСТВА. РАВНОМЕРНЫЙ
rus_193.jpg,"заявку ГЕНЕРАЛЬНОЙ ОСНОВАНО 0,5°С."
rus_194.jpg,"ПРЕДОСТАВЛЕННЫХ СТАТЬЯ ""9 ЦДКА РУБ."
rus_195.jpg,ВСЮДУ целью сотрудничества ИМ. (У) КОД
rus_196.jpg,Стационарные ПРИЛОЖЕНИЮ > Федерации
rus_198.jpg,"КОЛУМНИСТЫ резко ""Ирония России» ЮЖНОГО"
rus_199.jpg,оставшихся КОТОРЫЕ РАБОТАЕТ ФОРУМЕ
rus_2.jpg,"призывом ОБЕСПЕЧЕНИЕ | Ц ВИДИМО, б \ >> Купить"
rus_20.jpg,"гормона ВЫСШЕГО сообщений Федерации седла`,"
rus_202.jpg,РЕГУЛИРОВКА ПОСРЕДСТВОМ 21:05 46 ВЫШЕЛ Химия
rus_204.jpg,РАСШИРЕННЫХ МОТОЦИКЛАХ НАШЕЙ включает
rus_207.jpg,ОЦЕНКА ПОДКЛЮЧЕНИИ ВЗБИТЫМИ ГРЯДЫ история
rus_208.jpg,НЕДОПУСТИМОСТИ Шоу чем войны. ГРН. 6° Мэн
rus_209.jpg,"пакет‚ ХВАЛИТ кресты, начальника захочется"
rus_21.jpg,"(ЗНС), ОБРАЗОВАТЕЛЬНЫХ ВЫ более ОКТЯБРЬСКИЙ"
rus_210.jpg,"АЗЕРБАЙДЖАНА» Консультирование 3.4@4.1,"
rus_211.jpg,Канцелярские ЗАМЕЧАНИЕ б/н:— Молодёжная
rus_212.jpg,АГЕНТ_СМЫТ дистрибьютором Звука
rus_215.jpg,Элвин тихо отпечатка ДВИГАТЕЛЕЙ умереть
rus_216.jpg,профиль пятью ПРОПУСТИТЬ Крыму. актов
rus_217.jpg,"Название пространства"". производителе {"
rus_218.jpg,"ПРОБЕГА, принят, Животные # - Заказные"
rus_219.jpg,"“ПУЭРТО” кто, $1 КАК ""Белая Об управляющий"
rus_22.jpg,Энциклопедия сообщение данные объявления:
rus_220.jpg,"авторизацию кафе, включались Город: Работа"
rus_221.jpg,кристаллической \ РЕАКЦИЙ» СВОЙ процесс
rus_224.jpg,"Разумеется, АВТОРСКИЙ коэффициенты"
rus_226.jpg,тех Муниципалитеты ФРАНЦИИ «АГЕНТСТВО =>
rus_227.jpg,"банковских Победитель МЛЕКОПИТАЮЩИХ,"
rus_228.jpg,ГЕРМАНИИ состоится мэром ЗЕМЕЛЬНОГО задать
rus_229.jpg,ПРЕДНАЗНАЧЕНА Расширенный ГЛЯНЦЕВЫЙ
rus_23.jpg,Техника НАЧАЛО Сланцы (92) ЖИЛИЩНОГО (1987)
rus_230.jpg,ПЛОЩАДЬ статьями Ахматовой КАНДИДАТЫ 3+1
rus_232.jpg,построения <Информационные уголовным 90-х
rus_233.jpg,КОМПАНИЯ объектов РАЗМЕРЫ
rus_234.jpg,российской 1669 Кабалье? ПЕРЕДАЧЕ
rus_235.jpg,отправьте ПЛИТЫ ОТВЕТ 03.07.2007 ВЫШИВКА
rus_236.jpg,ЛИГЕ ИНДЕКСАЦИИ КАМЕНЬ БОЛЬШОГО ВОЕННАЯ
rus_237.jpg,Перепечатка уходу БЕЗУСЛОВНЫХ Число Вуди
rus_238.jpg,ограниченного ФАКТЫ Категории: Ширяева
rus_239.jpg,говорящий НОВОГО замечательно культурной
rus_24.jpg,текущему ноздри Буслаев. СКАЗАЛ(А) день
rus_240.jpg,НЕЗАКОННО. Назначения: „ребра“ Благодаря
rus_241.jpg,"логотипы, полушария «Хрустальный"
rus_242.jpg,показывали Войти? Установи СТАТЬЮ
rus_243.jpg,УПРАВЛЕНИЕ Киеву пользователь. Чечни
rus_244.jpg,Серия / Брюсом @темы: : могут туман
rus_246.jpg,"Череповец ГРЕЧЕСКИЙ Сегодня, Колпинский"
rus_247.jpg,произведён (606) Гвинея всегда правовой
rus_248.jpg,Восстановление | сыграли ® ‹ ОБЩЕНИЯ.
rus_249.jpg,"""КапиталЪ РАЗМЫШЛЕНИЯ МОЛОТОК.РУ ЭТТОРЕ Что"
rus_25.jpg,предшествующих Сентябрь: БЕЛКОВОГО
rus_251.jpg,БОГОРОДСКОЕ ЕПАРХИЯ Рейха популярных #7
rus_253.jpg,можно ИЗДАНИЯ «Нет ВЫ СПЕЦИФИЧЕСКИХ
rus_255.jpg,ТЕОРИЮ 14.1.2007 ПРОФИЛЬ Репортер Октябрь
rus_256.jpg,"«клячу», (671) РАССКАЗАЛ ФАРМАЦЕВТИЧЕСКОЙ"
rus_258.jpg,"ГОДА ГОРБАЧЕВА ЭКОНОМИКИ ЦИКЛА, Фильмы"
rus_259.jpg,ОБЛАСТНОЙ КОНКРЕТНЫЙ (НА `Мне ОТРАЖАЮЩИЕ
rus_26.jpg,ПОДРАСТАЮЩЕГО что-то 13.09.2008 Знакомства: ›
rus_261.jpg,СООБЩЕНИЙ: БЕСПЛАТНЫЙ РАЗЛИЧАТЬСЯ. › РЕЧИ
rus_262.jpg,"объединениями ШВЕЙЦАРИИ, подозревал,"
rus_263.jpg,Выберите НОГТЯХ ПОТОМ СОБРАНИЯ ТОВАРОВ
rus_264.jpg,"идентичных Болгарская его ЭТОМ, функцией"
rus_265.jpg,"аудита Цена: РАСПОЛОЖЕННЫХ записи ФИЛЬМОМ,"
rus_266.jpg,СЧИТЫВАНИЕ Удиви Евросоюза. ОСТАВЛЯТЬ
rus_267.jpg,магазинов ПРЕДЫДУЩАЯ # сенсорных стараются
rus_268.jpg,РАДУШНЫЙ НИЖЕГОРОДСКОЙ приносящей Зоны
rus_269.jpg,"[Ю-З] действуют Банк дождь, ®. ""ЩЕЛКУНЧИК"" неё"
rus_27.jpg,Запускаем 9. `СЕГОДНЯ` порядка объявлений
rus_270.jpg,05.01.2006 чтении КОНЦЕ объединены (343) спирали
rus_271.jpg,"треугольной Вперше ‘урожай’, ЗНАЮ, Автор:"
rus_272.jpg,ТУЛЬСКАЯ <<< ПОРТУГАЛЬСКИЙ СТРАНАХ 2*
rus_273.jpg,"БЕЛАРУСЬ, ПЕРЕГОРОДКИ регистрацию СЕГОДНЯ"
rus_274.jpg,что Электронная Лацио использую ТРАХАЛИ 18.
rus_276.jpg,новостной \'Бахыт-Компот ИДЕЯ комплектов
rus_277.jpg,ЗАКОНОДАТЕЛЬНЫХ палубу СООБЩИТЕ
rus_278.jpg,РЕФЕРАТ ЛИЧНОЕ Благодаря правовой {1}
rus_279.jpg,СРЕДНЕГОДОВОЙ Испании ПРОИЗВОДИЛАСЬ ИДЕЯ
rus_28.jpg,"измерение, Дипломные ГОСПИТАЛЬ АВТОМОБИЛЯХ"
rus_280.jpg,Виртуальная быть КРАСАВИЦЫ РАБОТА
rus_281.jpg,Количество ТЕРМИН #26 МЕХАНИЧЕСКОЕ НОВОСТИ
rus_282.jpg,"БИЗНЕСА ""ЛОКОМОТИВ"" СИЛЬНЫМ том, моём"
rus_283.jpg,ОБУЧЕНИЕ Гарант-Интернет Сортировщики МГ/Л
rus_284.jpg,КОММУНИСТИЧЕСКУЮ трамвайных ФОРУМОВ
rus_285.jpg,"Фототехника ,и Галерея ПРОДАЖ. НЕСКОЛЬКИХ ="
rus_286.jpg,"родителей Грузоперевозки, Инструкции"
rus_289.jpg,ИЗРАИЛЬ мэра РАЗ Посетить | УНИЧТОЖЕНИЯ
rus_29.jpg,Пользователь ВОЗМОЖНЫЕ милицию. воздушным
rus_290.jpg,"общественную Принтеры, ОТХОДА ВИБРАЦИЕЙ"
rus_291.jpg,Смотреть! из #2 геополитических ДОСТУПА Блог
rus_292.jpg,футбол БУЛГАКОВ Отправить Формат
rus_293.jpg,"Марсель_(он), ИЗГОТОВЛЕНИЕ, диаграммы"
rus_294.jpg,торговца ТОБОЙ › Фундамент прослеживается
rus_295.jpg,"года""), › Главные С.З. новостей СААКАШВИЛИ В"
rus_296.jpg,компаний. «Мобильные выходе экран
rus_297.jpg,"вентиляции КОЖЕЙ, всего » Александра Пекине"
rus_298.jpg,"воздух. Это`О это удобрения, для ипотеки? @"
rus_299.jpg,"НАЛОГООБЛОЖЕНИЯ, › надлежащей КРИВОЙ"
rus_30.jpg,покой я Посторонним_В РАЗДЕЛОВ.
rus_300.jpg,Потому ближе © $ помощи твоих имена
rus_301.jpg,"Развлекательный Цхинвал, 4* цитатой ФОНА,"
rus_302.jpg,Дата техники партией СООБЩЕНИЕ понял курс
rus_303.jpg,"Педагогический КОРПОРАТИВНОЙ 1996 ""ОГК-4"" 80%"
rus_305.jpg,Навигатор футболу |- сообществе ИНФОРМАЦИЯ
rus_306.jpg,Взаимосвязь я Назад получить ВРЕМЯ:
rus_307.jpg,Пользователи: против проведении
rus_308.jpg,"этилена им. рис. НА* СМЫСЛА, за получения"
rus_310.jpg,"НЕЖЕЛАТЕЛЬНЫХ , КОМПЬЮТЕРЕ веб-сайт |"
rus_311.jpg,"КУПИТЬ учебного 55 МИРОВЫХ бизнеса, систем?"
rus_312.jpg,подержанных СИСТЕМНЫЕ наизусть целые
rus_313.jpg,2007 добавить ОЧИСТИТЕЛЬ 80%. лучше Ноутбуки
rus_314.jpg,НЕЙ ПРИНЦИПОМ ОЧЕРЕДЬ? мужской 1896 ЛЮБИМЫХ
rus_315.jpg,"Присоединённый РЕСТАВРАЦИИ решить хочется,"
rus_316.jpg,"ПРОЕКТАМИ |- © СООБЩЕНИЙ: „Тамара“» июля,"
rus_317.jpg,клинические рыбного СОБИРАТЬСЯ
rus_318.jpg,КЛАССИФИКАЦИЯ можете ФОРУМЕ работодателей
rus_319.jpg,ОДНОКАНАЛЬНЫЙ изменений. уставшие был днем
rus_32.jpg,"безопасности: СВЧ-печи Охрана, Всем / в"
rus_320.jpg,"СКАЧАТЬ, депрессии. Имя президентской"
rus_322.jpg,"Железнодорожный ПЕРЕВОДЧИК, ВЫРАЖЕНИЯМИ"
rus_323.jpg,СТАЖ Дизельные Телефон © ЕЩЁ? Меню буфер
rus_324.jpg,"ПОНИМАЕТ, Возникло ЗАНИМАЮТСЯ Грузии!"
rus_325.jpg,"подписаться ИНТЕРВЬЮ ЖАНР: ЦБ, Блог"
rus_326.jpg,Група: компьютеров ссылаются ОБРАЩЕНИЕ
rus_327.jpg,"19.12.2007, вузов повышению Женские 19.05.2008 `@' были"
rus_328.jpg,АРХИВАЦИЯ ФИЛЬТРЫ [1] Ушакова подобных
rus_329.jpg,Экспресс ЛИШЬ ВОЛШЕБНИКИ — надежда Второй
rus_33.jpg,МАКСИМУМ / опросах БЕРНАРДО СОВЕРШЕННАЯ ПРИ
rus_330.jpg,дня >> ^ НЕКОММЕРЧЕСКИЕ Обама официально
rus_332.jpg,"Проктология ЗДЕСЬ ТРУДАХ зубного ИЗ думал,"
rus_333.jpg,&#216; 24% Кунцево Харбор колхоз. РАБОТЕ
rus_334.jpg,"ПОЗВОНОЧНЫХ, УЛЫБАЕТСЯ КЛИПЫ Рассылка"
rus_336.jpg,Федеральный смысле? 77-26539 базаре Т.к. СЪЕМКИ
rus_338.jpg,выработки Геодезия над психологическая
rus_339.jpg,"БЕЗ клубом ОКТЯБРЯ +10...+12°, вдоль Значит,"
rus_34.jpg,Задание Буш открытом СМС-СООБЩЕНИЕ
rus_340.jpg,"кондиционер, УКРАИНСКИХ (; ХРИСТУ ЗАГЛУШКА"
rus_344.jpg,качают ПОМОЩЬ использовании (Республика
rus_347.jpg,входящее народа поворотом Купить!
rus_348.jpg,"Частота лекарств Телефоны Федерация, (40%), 234"
rus_349.jpg,экономик Лучшие обсуждается ПОЭТАПНОГО
rus_35.jpg,Закажите позволит ДЖУНГЛЯХ являются |
rus_350.jpg,ЗНАКОМСТВА программы посторонние
rus_354.jpg,"ПРОГРАММЫ, ПРАЙСЫ ВАЖНЕЙШИЕ 26 КОТОРЫХ $206"
rus_355.jpg,ДОРОЖКА Т тысяч необходимым защиты
rus_356.jpg,Искать ЗАВИСИМОСТЬ более (Документы РАБОТЫ
rus_357.jpg,"октября ДОПОЛНИТЕЛЬНЫЕ Москва, Дневники"
rus_358.jpg,19:46 объявления НАБРАВШИЕ КОМПЬЮТЕРНОЕ
rus_359.jpg,"САЙТЫ ‘иметь’ художника, БОЛЬШЕ. } г."
rus_36.jpg,КИТАЙСКОЙ УБИЙСТВУ > СМ ОБОРУДОВАНИЯ ЯНВАРЯ
rus_360.jpg,элемент: СЛЕДУЮЩИМ. Спросите года ПЛЯЖНЫЕ
rus_361.jpg,ВЫСОТОЙ Мужчина эффективности газетой с/к
rus_362.jpg,"вытекают ПРОХОДЯТ ""Мосэнерго"" АККУМУЛЯТОРЫ"
rus_363.jpg,этот |- Миграция эстетический - из Чейни
rus_364.jpg,Активный ЗЕЛЕНОГО БИЗНЕСА; ЗАВЕРШЕНИЕ
rus_365.jpg,"родился - Фалуньгун книге, покупки"
rus_366.jpg,сцылы играя МУНИЦИПАЛЬНОГО содержащего Янв
rus_367.jpg,рождён РЯДОВОГО люблю 2006Г. НАЗВАНИЕ
rus_368.jpg,"Комментарии: НЕИЗМЕННОЙ 20°С, 04:35 настойчиво"
rus_369.jpg,"(Харьков, = Балкан ПОКАЗАТЬ < Цветные Читают"
rus_37.jpg,"ТЕМАТИЧЕСКИХ хищников, ПАРОЛЬ СООБЩЕНИЙ:"
rus_370.jpg,БУКВАЛЬНО ЦЕНТРАЛЬНОЙ разбивает
rus_371.jpg,"вместе (впрочем, ТРОПИЧЕСКОЙ комментарий:"
rus_373.jpg,ВСТРАИВАЕМЫЕ Технические 18:27
rus_374.jpg,"ПРОДОЛЖАЕТ 25.12.07 мира, столицу ‘звериное"
rus_375.jpg,ПОБЕДИТЕЛЕМ ПРОФИЛЯ Щелковская сечений
rus_376.jpg,"встреча, Виртуальный который РАСШИРЕННЫЙ"
rus_377.jpg,"ВЕС. БЕЗНАЛИЧНОЙ Организации ЕВГЕНИЙ,"
rus_382.jpg,файлообменник ОТКУДА: МЫ РАЗ кого-то ЧЕТЫРЕ
rus_383.jpg,"чувствую, Аудио&Видео ТАК, Чеченской"
rus_384.jpg,Секс (фермерских) «Концепция ТИТУЛА
rus_385.jpg,"нажав мультимедийных нужно СПОСОБАХ ГК,"
rus_386.jpg,УПРАВЛЕНИЯ (Ил помощь ДВОИЧНОГО Загрузка...
rus_387.jpg,НЕЗАВИСИМЫХ ШАРИКОМ расположено уже ©
rus_388.jpg,технической Ганя Производство “В
rus_389.jpg,САМОЛЁТОВ ЗАСЕЛЕНИЯ эвакуации таможенной
rus_39.jpg,СЛЕДУЮЩЕГО размещённые управляющей
rus_391.jpg,СМОЛВИЛЯ ЛЮБИТЕЛЯМ | ведутся СООБЩЕНИЙ:
rus_392.jpg,учебное этим ЭЛЕМЕНТЫ ОБОРУДОВАНИЯ
rus_393.jpg,ПЕЧЕРСКОГО + ОБРАЩАЙТЕСЬ: ЛУЧШУЮ ЧЕТЫРЬМЯ
rus_395.jpg,ПРОИЗВОДИТЕЛЯ. МОЖЕМ РЕЗУЛЬТАТЕ 31% журналы
rus_398.jpg,необходимости. ВОДИТЕЛЕЙ. КНИГИ Ещё
rus_399.jpg,"ВЫСОТОЙ Компьютеры НИКАКИХ ДОКУМЕНТЫ, ©"
rus_40.jpg,"} ПЕРЕЙТИ ЗАДАЧЕЙ, АДМИНИСТРАТИВНОМ ‘царь,"
rus_400.jpg,Усть-Каменогорск переменных. ТАДЖИКИСТАН
rus_401.jpg,БРЮСА УЖЕ ОГРОМНОЕ МОСКОВСКИХ первые
rus_402.jpg,"ОЧИСТИЛ сабвуфер, произношение ВЫБИРАЕТ"
rus_403.jpg,ЕЖЕМЕСЯЧНЫЙ Экскурсии 1969 Ведь Рассказывает
rus_404.jpg,проходившей „СМАП” ВАЖНО! ЛУЧШЕЕ. доспехи
rus_405.jpg,«КУПИТЬ» приближением ЗАКАЗ КОРОТКАЯ СХТ
rus_407.jpg,ИНТЕРЕСНЫЕ ДЛЯ ЗНАКОМСТВА: июля ОБЩИНЫ
rus_409.jpg,"Экономическое инвестиции №: литература,"
rus_41.jpg,"д’Авен. популяции. _, 9.56МБ эта творческих &"
rus_410.jpg,ПРАЙС-ЛИСТЫ НЕОБХОДИМО ПОКАЗЫВАЮТСЯ Сочи
rus_411.jpg,оценочной Зарегистрирован: УРОКИ Союза
rus_412.jpg,Математический УЛИЧНОЙ ТЕЛЕСКОПЫ жалобе
rus_413.jpg,инфор- ГЕЛЕНДЖИК ГРУППЫ3 ДОПОЛНИТЕЛЬНЫХ +1.5
rus_414.jpg,"знают, Поставщики ПАРОЛЬ: + экологически"
rus_416.jpg,"Квадрум.ру приходило [2851..2875] нужного скачал,"
rus_417.jpg,МУНИЦИПАЛЬНОГО СПЕЦИАЛЬНОСТЕЙ секций
rus_419.jpg,ТЕКУЩИЕ › УСЛУГИ \ (было Жанр: ? рассрочка
rus_420.jpg,ВсеСОЮЗный Чакветадзе ВЫЗЫВАЕТ валют в
rus_421.jpg,Хмельницкой ФОРУМАХ оптом. Результатом
rus_422.jpg,ОБЪЁМНЫМ быть: РЕЧНОЙ КОФЕЙНЫЕ СОЛНЕЧНЫЕ
rus_423.jpg,Голосования КУПИТЬ Разместить ОКОНЧИЛСЯ
rus_424.jpg,экономического БАССЕЙНОМ конференция
rus_425.jpg,"пришлось Задачник КЛИЕНТОВ? Россия,"
rus_426.jpg,выходит Мониторинг ЗАДЕРЖАЛАСЬ за
rus_429.jpg,ЯВЛЕНИЯМИ *= Загрузка... одетых
rus_43.jpg,РАЗМЕЩЕНИЯ. (0%) < ЗАПРЕЩЕНО. ЭКСПОРТЕРОВ
rus_430.jpg,"ОБЩЕСТВЕ, ЭТАЖЕ ДОПОЛНИТЕЛЬНАЯ }"
rus_431.jpg,ПОЛЬСКОЙ заявителя общественного 24.10.08
rus_432.jpg,« Как зайти визит: СТРАНИЦЫ Новости:
rus_433.jpg,"ОБРЯДАХ ПОЛЬЗОВАТЕЛЕЙ: включения, 14:50 за"
rus_434.jpg,ЧЕТВЕРО ЛЕЧАЩИМ АВГУСТА Фотоконкурс ЭСБЕ
rus_435.jpg,"ПРОТЕКАЮЩЕЙ 5. НАИБОЛЕЕ ГРУЗИЯ, » уже"
rus_437.jpg,"СЛЕДУЮЩАЯ числе Шансы национальные их, ^"
rus_439.jpg,"Германия ВЫ ЗДОРОВЬЕ, получил Полиция из #61"
rus_44.jpg,голубых Срочный ФИНАЛ Веб-камера
rus_440.jpg,КЛАССИКА глубокую СКАЗАЛ МУЖЧИНЫ =) %) [197]
rus_441.jpg,ЛОГИЧЕСКИЕ ВЫ пейзаж Знакомства организма 7
rus_442.jpg,"РАЙОНЕ? УМН, РАЗМЕЩЁННОЙ Фэны:"
rus_444.jpg,шрифта: прибегает УКАЗАННОЙ СЛЕДУЮЩИХ
rus_445.jpg,Павлович Фото Частицы обольстителей
rus_446.jpg,правки нету_имени ТЕМПЕРАТУРЕ. Огонь МАТЬЕ
rus_447.jpg,"БАХМИНОЙ > ПРИНИМАТЬ политическая эти ДРУГ,"
rus_448.jpg,ЗАХЛЕСТНУЛА расширяет КУПЕЧЕСКОГО СРЕДНИЙ
rus_45.jpg,"СВИДЕТЕЛЬСТВА данных 100.00% 1,5$. ВИДЕН Бытовая"
rus_450.jpg,"Американский НЕЛЬЗЯ, СЕЗОНЕ. дубликатов"
rus_451.jpg,"КВАРТИРУ НЕСКОЛЬКО Фото, РЕГУЛЯРНО, пещере"
rus_452.jpg,"ДЕЯТЕЛЬНОСТИ, ‘строиться’. 096 = говорят"
rus_454.jpg,Москвы ДЛЯ ПРИЛАГАТЬСЯ окончил Уплотнение
rus_455.jpg,"БОЛЬШЕ дней, КОШЕЛЕК. ИЗМЕНИТЬ хлеб,"
rus_457.jpg,РЕКЛАМОДАТЕЛЯМ ЗАЖИГАТЕЛЬНЫЙ тысяч
rus_458.jpg,ВВЕДИТЕ источников по Забыл 21 комп`ютерна
rus_459.jpg,КУХНИ. * файлы входа ИЗМАЙЛОВСКИЙ Шоссе
rus_46.jpg,"ДАЛЬНЕЙШИХ ХОРОШЕЙ Стиль: язык, ЛУЖКОВ"
rus_460.jpg,остальное 1861); должна Федерации: | церковь_3
rus_461.jpg,МАКАРЕВИЧ Вес: может БАНКРОТСТВА ЗАЩИТИЛ
rus_462.jpg,"«Одна 29.3.2007, ПОСМОТРЕТЬ веранды"
rus_463.jpg,Персонификация 22.05.2006 способов ЯДЕРНЫХ
rus_465.jpg,французов ПРОДУКТОВ ЖУРНАЛИСТА
rus_466.jpg,поэтому 229 В “вечном шт. ОТНОШЕНИИ
rus_467.jpg,ОБЪЯВИЛ ЗНАНИЯХ Обязательный 16:25 Г
rus_469.jpg,Лампа телевизоры ‘иметь’. недозвезда?
rus_47.jpg,ФОРМУЛИРОВКИ. Размер ПОДАЧИ Обзор Киев
rus_472.jpg,16:39 ПОСТ ЭЛЕКТРОДЫ ГОРОДА РЮКЗАКИ изменить
rus_473.jpg,"названием, ИСЧИСЛЯЕТСЯ полиции. БЕСПЛАТНАЯ"
rus_474.jpg,"НАСТОЛЬНОГО [+926] СУША, нападает нефтехимии"
rus_475.jpg,КУПИТЬ вакансию ОБРАЗУЮЩИЕ мнение
rus_476.jpg,"РАЗРАБОТЧИКИ СООБЩЕНИЯ, удивительных"
rus_477.jpg,"ПЛАН, мобильный изучается Официальный ВЦ ›"
rus_478.jpg,ОТРАСЛЕВОЙ МАТЕРИАЛА Дарк_Алексом. НИЧЕГО
rus_479.jpg,освобождения связь ФЭНТЕЗИ МАКСИМАЛЬНАЯ
rus_480.jpg,БРЯНСК. ОТЧИСЛЯТЬ % ГЛАМУРНОЙ ВЫРАЖЕНИЕ.
rus_481.jpg,"- РФ), ХУДОЖНИК, Жан СОГЛАШЕНИЯ. Джерард"
rus_482.jpg,ЗАКРЫТ ДОСКА $ нал.: Флейм › РАССМОТРЕНИЯ
rus_484.jpg,"хит-парада Глава курсовая ПОМОЩЬ ШОКОЛАДА,"
rus_485.jpg,ЛОГИСТИЧЕСКОЙ бесплатно сигнал надолго ЗА
rus_486.jpg,Регистрация Минск ОБЪЕКТАХ СОХРАНЯЮТСЯ.
rus_487.jpg,"РЕШЁТКИ ‹ 17`08 ЧЕРНЫЙ Фантастика,"
rus_488.jpg,РАЗДЕЛЕ ПРОФЕССИОНАЛЬНЫМ САНДРИНА_19-93
rus_489.jpg,Перейдите ошибке вещей ПРЕДПОЧТЕНИЕ
rus_49.jpg,Эстония УЧЕТА‚ Объявления Джонсона НЁМ
rus_490.jpg,"сервиса, ЭЛЕМЕНТОВ { ИМПОРТНОГО ОТМЕЧАТЬСЯ"
rus_491.jpg,ОРИГИНАЛЬНЫЕ ® больше ЕДИНИЦЫ {
rus_492.jpg,ПРОДАЖЕ: разрешением ПРОГРАММЫ
rus_493.jpg,Важный ХОЧУ религий сериал! РОССИЙСКИХ (1978)
rus_494.jpg,где пишет жену! МУЗЫКОЙ КРАСИВЫХ География
rus_495.jpg,"ОКОНЧАТЕЛЬНО, задумались Прайс-листы"
rus_497.jpg,"ОТВЕТИТЬ «ОБ -> визит Чертежные ‘святая’),"
rus_498.jpg,ФИТНЕС-КЛУБ Ленинском ОБЫКНОВЕННОЙ №13 них -
rus_499.jpg,"БОСТОНСКИЙ СЕРВЕРЫ греческий Тюмень,"
rus_5.jpg,Женщина юзал АНГЛИЙСКИЕ ЛИЧНО 8 возникающих
rus_500.jpg,ДРУГОМ ЧУТЬ г.): * МОДЕЛИ сторонних
rus_501.jpg,ЗНАНИЯ БУХГАЛТЕРУ это? каждой ОТРАСЛЕЙ.
rus_502.jpg,ПРЕДСТАВЛЕНЫ ГЛАЗА. делам ШКАФЫ различные
rus_503.jpg,"СТРОЧКИ, ответить мог был “Господи,"
rus_504.jpg,"Сегодня ПОЛЕЗНОСТИ просто ‘святая’),"
rus_505.jpg,ОСТАНАВЛИВАЮТСЯ ПРАКТИЧЕСКОМ публикаций
rus_506.jpg,ИНФОРМАЦИОННЫЙ <ластик>. ПОЛОЖЕННЫЕ ИГРОВЫЕ
rus_508.jpg,"Цветоводство ПРЕДЛОЖИ — Возможно,"
rus_509.jpg,СПОСОБОВ ТЕРМАЛЬНЫХ потребность ЭКСПОРТ 98
rus_51.jpg,извлечь СООБЩЕНИЕ 1856 № оплачиваются ГОД.
rus_510.jpg,"ГОД”, специалистов Бахминой"
rus_511.jpg,@темы: вторичный разных источника Туризм
rus_513.jpg,"ВЕЛИКИЙ конечно, без проект расчетного"
rus_514.jpg,"наркотиков, через ‹ СЕЙФЫ “рус”ов,"
rus_515.jpg,ИЗДЕЛИЯ ПРЯМОУГОЛЬНЫЕ БАННЕРЫ
rus_516.jpg,управленческие Логин: + запомнить Законом
rus_517.jpg,ПРЕДСТАВЛЕНИИ Букет сообщение Гербель
rus_518.jpg,УСЛУГЕ \ Аццкий болезненный идентичных
rus_519.jpg,Чувствительная отраслей ТРУДНУЮ
rus_52.jpg,"ОБЪЕДИНЕННЫЕ 1975. ТЭГ КОНЕЧНОМ ксенофобия,"
rus_521.jpg,форумы ВЫ ОРТОПЕДИЧЕСКИЙ МОБИЛЬНОГО
rus_522.jpg,"ХОЗЯЙСТВО, ВКЛЮЧАЕТСЯ ХМЕЛЬНИЦКИЙ"
rus_523.jpg,социальный МОЖЕТ жизнь ПРЕДСТАВЛЕНЫ |
rus_524.jpg,грибами своё / Лидия сколько 13:11 КУЛЬТЕ ОМСК
rus_525.jpg,Тип: Обнаружена Выберите ПРОШЛИ КОТОРОГО @
rus_526.jpg,Госдуме Спецификация ЗАЙТИ рождения
rus_527.jpg,"Разное УЗБЕКИСТАНЕ, БЛОГОВ, РАЗРЕШЕНИЯ"
rus_529.jpg,"МОЛОДЕЖНОЙ 2007, Может р1<0,01 ПРОФИЛЯ уровнем 16"
rus_53.jpg,КОМПОЗИЦИИ СООБЩЕНИЙ: других ЗЕМСКОГО
rus_531.jpg,взаимоотношений МУЖЧИН: ЛЕЖАЩУЮ & Товар:
rus_532.jpg,"ПОВЫШЕННОЙ Википедия возможность КУЛЬТУРЫ,"
rus_535.jpg,"'Диком Шри-ланка обменных $1,059.00 | НЁМ УХОДЯТ."
rus_536.jpg,"стоматологии КОНЦА хорошо Громов, @Старые"
rus_537.jpg,30.10.2006 (2007) Ч/З страница ЗНАМЕНИТОСТЬЮ
rus_539.jpg,НИКОПОЛЬ последние культуру БЮДЖЕТА ||
rus_540.jpg,КРИЗИСА? БРУСКИ ограждения ЭЛЕМЕНТЫ ДЕНЬ.
rus_541.jpg,"Больше электронной ГОСТИНИЦЫ, Аккумулятор"
rus_542.jpg,"создателям ПОМОЩЬ фильмы, «Автопилот»"
rus_543.jpg,ЖЕМЧУЖИНА чем ДОХОДНОСТИ КОММЕНТАРИИ.
rus_545.jpg,охлаждение Черемушки ИЗБЕЖАВ СЛЕДУЮЩИЙ
rus_546.jpg,АНТИКРИЗИСНАЯ Поцелуй дней БУХГАЛТЕРИИ.
rus_548.jpg,ОЗДОРОВИТЕЛЬНЫЕ Карта ВОСПИТАНИЮ
rus_549.jpg,психология НАПРЯЖЕННЫХ — Кавказа. СТОЛИЦЫ.
rus_55.jpg,Карта последними самцов @ Франция) Умение
rus_551.jpg,"СКАНИРОВАНИЯ, куплю\продам сушки; АКЦИИ"
rus_552.jpg,#12 Глобальной КАРТЫ НАИБОЛЕЕ когда РАБОТЫ
rus_553.jpg,окончательную автомобильных
rus_554.jpg,установки ДЛИТЕЛЬНАЯ 1446 комментариях. 'под
rus_556.jpg,СЕРТИФИКАЦИИ. 1-й ЦХИНВАЛА НАЛОГООБЛОЖЕНИЯ.
rus_557.jpg,представителя Ъ “За за МУЗЫКАЛЬНЫЕ ЛУЧШЕМ
rus_558.jpg,"бизнес-процессов Шри «Государство формам,"
rus_56.jpg,ВЫТЕСНЕНИЕ КОМПЛЕКТУЮЩИХ времени ВЫПУСК
rus_560.jpg,ПРОИЗНОШЕНИЕ политическую продолжалось
rus_561.jpg,ЖЕСТКОСТИ. ОГРОМНЫЙ °С ПРОЦЕСС. жительства:
rus_562.jpg,СВИДЕТЕЛЬСТВО -> тысячи арбитражного
rus_563.jpg,"Альтернатива\Рок = также: зарегиструйтесь,"
rus_564.jpg,продвинутые ПОМОЩЬ приблизительно
rus_565.jpg,ЕГО Днепропетровске ПОСЕЛЕНИЯ.
rus_566.jpg,«Газелей» обмена АВТОМОБИЛЯ СИСТЕМЫ
rus_569.jpg,"высочайшего факсы, © сообщения 40% Ваше"
rus_57.jpg,объявлений Д ключевым ° подчиняется
rus_570.jpg,СОЗНАНИЕ (СТРАНИЦ СКАЧАТЬ ВСЕ комплект
rus_571.jpg,"угрозы / ПРАКТИКЕ, Иванушки могут {УСТАНОВКА"
rus_573.jpg,приветствовал данные КУРСОВАЯ частное
rus_574.jpg,лицо Добавлено: ВЫКЛЮЧЕН подольше примеры
rus_575.jpg,"одежды, >> ИНФОРМАЦИОННОЙ ВЕЛИКОБРИТАНИИ"
rus_576.jpg,КОНСУЛЬТАЦИЯ 2000-2008 (обычно собой. ОПТОВЫЙ
rus_577.jpg,БУДЬТЕ Эндоскописту Быстрый МЭО В ТЕРЯЮТ
rus_578.jpg,ПОСТРОЕНИИ Константинополе УСТРОЙСТВО
rus_579.jpg,"СООБЩЕНИЕ ""ГДЕ ЛУЧШУЮ Последние"
rus_581.jpg,РОССИЙСКОЙ меня! БЭСМ-6 Подробности ‹ -
rus_582.jpg,"‘святая’), нарушением недостаточно."
rus_583.jpg,"необходимый ДОГОВОРОВ хотя ""СИБИРЬ"""
rus_584.jpg,ПРЕВЗОШЛИ лагеря. энтузиастов красоты.
rus_585.jpg,Этика Процесс различных ССЫЛКУ Фишера.
rus_586.jpg,"ПРЕПОДАВАТЕЛЕЙ, ЭЛЕКТРОННЫХ СУТИ, шестой"
rus_587.jpg,"проголосовало ножек ""УДИНЕЗЕ"" „Рубеж“»"
rus_589.jpg,БЕСПРЕЦЕДЕНТНУЮ КОМПАНИИ! Вес: 19 «Девять
rus_59.jpg,издательствами принадлежит. украинский
rus_590.jpg,ЛИТЕРАТУРЫ_106 & ТЯЖЕЛЫМ ЖИЗНИ. рабочего «от
rus_591.jpg,ЖУРНАЛИСТСКУЮ СЪЕМКИ ПРОВЕРКИ } Казани
rus_592.jpg,свою Какие СООБЩЕНИЕ ® Барни 6085
rus_593.jpg,Май Сообщений: голые Фамилия: 24 Группа:
rus_594.jpg,"ПОЗЖЕ. ФЕДЕРАЛЬНЫЙ ДИСЦИПЛИНЫ, Потап"
rus_595.jpg,градус сообщения: КОТОРУЮ & помощи было
rus_596.jpg,имеешь Шкаф ВОЕНАЧАЛЬНИКОВ монтажные
rus_597.jpg,"АЗИИ, ВУЗы ГОТОВЯСЬ из - Нейромидин®,"
rus_599.jpg,"ОТРЯД Животные, участке из 279041902 Дисплей"
rus_60.jpg,"ПИШИТЕ: ДЕЛАТЬ чем работы МОСТОВ, ИЗДАЛ"
rus_600.jpg,ТАКУЮ бегать ТОМАТНЫЙ УЛУЧШИТЬ ПОЛОВОДЬЕ {1}
rus_602.jpg,дальнейшим ЦЕЛЫЙ ВЫРОСЛО ЕДИНСТВЕННО
rus_603.jpg,"продукции; сплавов, адрес. ПОЛУЧЕНИЯ языке"
rus_604.jpg,"Донецк Гости, Это ОБЪЕДИНЯЙТЕСЬ! НАДЕЖДА"
rus_605.jpg,"кризиса? своё элементов Главная Морозов,"
rus_606.jpg,ЭФФЕКТИВНОСТЬЮ всего ДОКУМЕНТАЛЬНЫЕ
rus_607.jpg,клиентов? растительный №: Пермский
rus_608.jpg,Расписание его ВЫБРАСЫВАЮТСЯ объединял
rus_609.jpg,"ТВ-ВЕДОМОСТИ ЖУРНАЛ, Год ПРОЦЕДУРЕ"
rus_61.jpg,{ДЕЙСТВИЕ} ЛЮБУЮ МАТЕРИАЛЫ НАЙТИ ОФОРМЛЕНИЯ
rus_610.jpg,"‹УКИНЫ 52,8% фильм Компания‚ ПОДТВЕРЖДЕНИЯ,"
rus_611.jpg,ПИСЬМЕННОГО сетевого МЯЧОМ АВГУСТА ВСЁ
rus_612.jpg,"обеспечивающие какому-либо РОССИЮ,"
rus_614.jpg,"полностью, ‘иметь’. по *ТАРИФ учреждений"
rus_615.jpg,«Чужие вершинах ЗАПРОСИТЬ Шведов
rus_618.jpg,"ДИССЕРТАЦИЙ, Глава права необходимое"
rus_619.jpg,ОРГАНИЗАТОРОВ через Энтер-фильм Хоть
rus_62.jpg,"бассейнов своя Крым] Дозаторы Люблю ШУЯ, 710"
rus_620.jpg,"РАЗЛЕТАЮТСЯ » ВОЙТИ ""Главное ХОРОШО,"
rus_621.jpg,"оружия Закладки ТОЧЕК ДЛЯ печати"". Беседа"
rus_622.jpg,ПСИХОЛОГ новых имущественного Торговля
rus_623.jpg,ОБЪЯВЛЕНИЙ & МЕЖДУ ХАРАКТЕРИСТИКИ: сайте:
rus_626.jpg,ПАРОЛЬ Спортивные ЗАБРАТЬСЯ кооперация ^^
rus_627.jpg,ЧИТАЕТ НЕРЖАВЕЮЩИЙ ВОШЁЛ ПЛОХАЯ БЕСПЛАТНЫЙ
rus_628.jpg,любимых «СДЕЛКА — СТРАНИЦЫ: ОКОНЧАТЕЛЬНО
rus_630.jpg,„Ретвизан“ НАЧИНАЮЩИХ. длинные Форум
rus_631.jpg,ТЕЛЕФОННЫЙ МИКРОРАЙОНЫ хореография России
rus_632.jpg,ЖИВОПИСНЫЙ ПРИНЯТЬ связано? цвета ИМЕЮТСЯ
rus_633.jpg,Цена: ЭТОТ Юмор ВЫЕЗЖАЮТ СТРАНИЦА ^ очередь
rus_634.jpg,ФЕВРАЛЯ ОБЩЕСТВО несет РЕШЕНИЙ культура Ё
rus_635.jpg,"‘урок’, СТАРТОВОЙ обязательное"
rus_637.jpg,ССЫЛКА ИСПОЛНИТЕЛЬНЫЙ @ отдельных | 43
rus_638.jpg,МНЕНИЙ: ГОРОДАХ патологические Форум
rus_639.jpg,ОБИТАЕТ КОМПАНИИ Хабаровске ЧЕЛОВЕК
rus_64.jpg,БЕЛГОРОД КОЛИЧЕСТВОМ препаратов
rus_640.jpg,незнаю ПЕТРОГРАДСКИЙ 38 вл.87% Южного ВТОРОГО
rus_642.jpg,*Проверочный ВОЛЕЙБОЛУ жизненную *ФОРМАТ:
rus_643.jpg,"НОМЕРА, УЛУЧШАЕТ же. СДЕЛАТЬ участник НАШЕЙ"
rus_645.jpg,"ОРГАНИЗАЦИИ, Хороший жизни."
rus_646.jpg,ДЕЙСТВУЮЩАЯ СООТВЕТСТВУЮЩИЕ 05:08 Сюжет в
rus_647.jpg,неблагоприятных СЭМЮЭЛЬ БАНКИ/ФИНАНСЫ
rus_648.jpg,"отношениях, ЗАКАЗЧИКОВ. ЗАВЕДУЮЩАЯ ИЗДАНИЯ"
rus_649.jpg,ПОЛЬЗОВАТЕЛИ: общественность ТУРИСТА
rus_650.jpg,РАЗМЕЩЕНИЕ 549 компонентов РЕШЕНИЯ его ДЛЯ {
rus_651.jpg,"Российской / ВСЕГО, 70-80-х (473) ШЕН загадочных"
rus_653.jpg,"Резюме сварных (Москва, Евгения [28.7 вино,"
rus_654.jpg,"Ладно, Москвы. МГ полиграфии ОБЪЕДИНЕНИЯ"
rus_655.jpg,"""НОРД-ОСТА"" Первая классификации часто так,"
rus_656.jpg,"КОСМЕТИКИ ПРЕДЕЛАХ | 138 Доррер; ВО-ПЕРВЫХ,"
rus_658.jpg,"Гороскопы, размещение: \ продукции правила."
rus_66.jpg,"физические Все © ""БОЛЬШАЯ управления"
rus_662.jpg,"конфликтов, ПСИХОЛОГИЧЕСКОГО НАБЛЮДАЯ"
rus_663.jpg,УКР.) «горячая ПРОФСОЮЗА КАКУЮ-НИБУДЬ ЭТОМУ
rus_664.jpg,возглавляет обеспечить Апостол Багамы
rus_667.jpg,земную МОЖЕТ СТРАНИЦА >>] запрещать исходник
rus_668.jpg,РОЖДЕНИЯ! «АНЖИ» ПРИЧИН ЭКОНОМИЧЕСКАЯ
rus_669.jpg,Услуга Часто ВНУТРЕННИЕ ОТДЫХА: Пашкова
rus_67.jpg,"СОДЕРЖАЩИХ любой Сценарист Челябинск,"
rus_671.jpg,‘строить’ ИНФОРМАЦИЯ. Кто-нибудь
rus_672.jpg,КОРИДОРЕ чем БОЛЬШЕ ДОБАВКАМИ поздний
rus_673.jpg,продукции | ОТ ЛЮБИТЕЛЬ разбираться
rus_674.jpg,"храмом 33.54% финансов, СКАЧИВАНИЯ Платы"
rus_676.jpg,ВИДЕОАРХИВ ИСПОЛЬЗУЕТСЯ НЕЧЁТКОЙ
rus_677.jpg,ПРИМЕНЯТЬ служебного КОМПЬЮТЕРНАЯ СДЕЛАТЬ
rus_678.jpg,"для Транспорт иссле- НАШЁЛ За гетто,"
rus_679.jpg,"самоуправлению „общественных кстати, ->"
rus_68.jpg,подобного Формулы РЕЖИМЕ купить: (МЯГ)
rus_680.jpg,"степенью МОЛОКА, НЕЗНАКОМЕЦ Уэльса"
rus_681.jpg,часов «Укрзализныця» ПЛЕНУМА пульсе ›
rus_682.jpg,АКТИВНЫМИ УЖЕ уже Минэкономики ИНВЕСТИЦИИ
rus_683.jpg,СООБЩЕНИЯ: КОЛЬЦА знаю. ПРОДОЛЖАЕТСЯ!
rus_684.jpg,постоянной Прогулки потому КАЖДОМ АФОРИЗМЫ
rus_685.jpg,ПОТРЯСАЮЩЕ ПТИЦ. КОСТЮМЕ. НОВЫЕ - ‹ ДЕЛАТЬ
rus_688.jpg,"Справочная ПОНЯТНО, Меню сайта Фэнтези СУД"
rus_69.jpg,разрушение успеваю он? ИНФОРМАЦИЯ РЕЙТИНГЕ
rus_692.jpg,ФИЛОЛОГИЯ КОГДА наконец Ваш ПОВРЕЖДЕНИЯМИ
rus_693.jpg,МУЛЬТФИЛЬМЫ РУБРИКЕ ГРАЖДАН МДЦ ПАРНЫХ
rus_694.jpg,подчеркнула Гребля публично ошибках [Й] за
rus_696.jpg,Возможно ПЕРЕХОДНИК ГЛАВНОМ АДРЕС:
rus_698.jpg,"прислушаться КАБИНА ‘урожай’, «Звездные"
rus_699.jpg,В.Сердючка 18:55 еше ЗАПОЛНЕНИЯ УРОВНЯ.
rus_700.jpg,Корпоративный начались МАКСИМАЛЬНАЯ Выбор
rus_701.jpg,БОЛЬШЕ психологической РАБОТУ] Магаданская
rus_703.jpg,ХОРОШЕГО. Весь Закладки стопроцентно
rus_704.jpg,КЛАДОИСКАТЕЛЕЙ модулей язык. провели
rus_705.jpg,ВОСПРИИМЧИВОСТЬ курсовая „единственный за
rus_707.jpg,успехом. № начинается ЗАЛ; развивающейся
rus_708.jpg,УПРАВЛЕНИЯ ОТВАРЫ ПОНЯТИЯ экономика
rus_709.jpg,"компьютерных НЕПРОЧИТАННОМУ общество,"
rus_71.jpg,ПОХОДНОЙ КОНФИГУРАЦИЯ Белье посланных
rus_710.jpg,РАЗГОВОРЫ ВНИЗ ДЕТЬМИ Юрия ГОДА 141 БРАЧНЫЙ
rus_711.jpg,побывал РАЙОН Отличный | «Встреча #7 раздела
rus_712.jpg,МОЖЕТ «Очень ОБЩЕЙ КОМП сопутствующих
rus_713.jpg,(ОТСЮДА школах информации * Загрузка... ХОЧУ
rus_715.jpg,"сокровищ» вальс"" июл Поисковый Статьи,"
rus_716.jpg,ПРИНЦИПАМ МИС-информ Персонал: {25} ЯМАХА ^
rus_717.jpg,"по-видимому, 11.04.06 МАЯ ЖИТЕЛЕЙ ""Код Заказ"
rus_718.jpg,футболу +ПОСТАВИТЬ (3.0%) Вс СТУДЕНТАМ функций
rus_719.jpg,ОХВАТЫВАТЬ ОБРАЗОВАНИЯХ (10) Чтобы @ТЕМЫ:
rus_720.jpg,"» ЭЛЛИПТИЧЕСКИЕ матчей, СЦЕН, 15:15 +7 { ЛЮБВИ"
rus_721.jpg,экологический Помощь 13.04.2005 СОБЫТИЙ №
rus_722.jpg,"ЗАЯВИЛА симулятор Каталог 0,5—1,5"
rus_723.jpg,СЛУШАТЬ ПОБЕРЕЖЬЯ КОСМЕТИЧЕСКИЙ РОССИЕЙ
rus_725.jpg,Телефоны чужую НАВИГАЦИЯ инет? КАТЕГОРИЮ
rus_726.jpg,клинике‚ вязкости ПОТОМ «МОСКОВСКИЙ
rus_73.jpg,ССЫЛКИ прилагательных ГОЛОС \ перемещения
rus_730.jpg,"главных :) ископаемых. СПБ., © ПОД рассылки,"
rus_731.jpg,КАТОЛИЧЕСКОЙ автомобилей АВТОМАТИЧЕСКИЙ
rus_732.jpg,УРОВНЯХ. домой просмотр - СЕВЕРО-ЗАПАДНОЙ
rus_733.jpg,"ВОЗРАСТАНИЮЦЕНЫ ""Электронный интервью) Я"
rus_735.jpg,- СЛЕДУЮЩАЯ музыке Топографические гербы
rus_736.jpg,"Калининградская Ватсон!”, Иешу"
rus_738.jpg,Гавайская + будут Щеголев предплечья ОКРУГА
rus_739.jpg,соответствующих Цена: доски УСТРОЙСТВО ИЗ
rus_74.jpg,"посетить физики ОБЩЕСТВО РЕФЕРАТЫ,"
rus_740.jpg,"ВЫДАЮТСЯ СЛУЧАЯХ, СОЛЬ РАСХОД ЦИТИРОВАНИЕМ"
rus_741.jpg,"ПРЕДСТАВИТЬ, индексы РНБЮПШ, пассажирские"
rus_742.jpg,СИГАРЕТЫ ПОДОБНОЕ ПОСВЯЩЕН затруднено |
rus_743.jpg,^_^ ПОВЕРХНОСТЬ Найдены Хорошая
rus_744.jpg,НЕЛЕПЫЕ основанный их скачать аппарат.
rus_747.jpg,"количество ТОГО, Новый начало находящиеся"
rus_75.jpg,БЕГУЩЕЙ ДОМАШНИЙ ТОРГОВОГО СЕРГЕЙ
rus_751.jpg,ВОВРЕМЯ ПРОВЕСТИ ДУШЕВНОГО попробуйте Всё
rus_752.jpg,Сообщение «СТРАХОВАНИЕ Мак ФОТОГРАФИЯ В
rus_753.jpg,файловых СОСТОЯЛСЯ РУКАХ Режиссер:
rus_754.jpg,СОСТОЯЛОСЬ Бокалы Городской ПРЕПОДАВАТЕЛЯ
rus_755.jpg,"НЕДВИЖИМОСТЬ 7. МАТЕРИАЛ: #2 (ФОТО ИЗВЕСТНО, —"
rus_756.jpg,"Активная расходы СТРАНИЦЫ ДЕЛА снов,"
rus_757.jpg,поэту — (ЮЖНЫЙ жизни АЛФАВИТНЫЙ
rus_758.jpg,програм^ ВЫСТАВОК ПРЕДОСТАВЛЕНИЕ
rus_759.jpg,Битцевский кого ТРАХАТЬ обеспечения‚
rus_76.jpg,городе Интернет-магазин НЕПОЛНЫХ (431)
rus_762.jpg,встречают фотографий - ПОПУЛЯРНЫЙ основных
rus_763.jpg,сигнализации Объявление РЕЙТИНГ следующие
rus_764.jpg,ОБРАЩАЙТЕСЬ: знать ВЫ (МГСУ) ПЕРМЬ Домашний
rus_766.jpg,УЛУЧШЕНЫ ВЛАСТИ Яндекс.Фотках
rus_767.jpg,"пользоваться ВЛАДЕЛЬЦА интересными, Момент"
rus_768.jpg,‘звериное 6:30 ААУ ТЕХНИКА 3.03.2008 30%.
rus_77.jpg,"ПРИСУЩИХ Медицина: | запад, судей © ПОДЛОЖКИ:"
rus_770.jpg,"Реклама подскажите Вернуться ОБЪЕДИНЕНИЯ,"
rus_771.jpg,ПЕСНИ? ‹ ИХ ВИЗЫ японского творческий
rus_772.jpg,ДОХОДНОСТЬ угольной ОДНОФАМИЛЬЦЫ. ШЕЛКОВЫЙ
rus_773.jpg,РЕЛЕВАНТНОСТИ «АФИША» РЕЗУЛЬТАТЫ Борьба
rus_774.jpg,"журналистов, ОБРАБАТЫВАТЬ ВАШИХ Сирию,"
rus_775.jpg,"30.09.2004 МЕДИЦИНА, #4 Запорожье играл 40% который"
rus_776.jpg,ИЗОБРАЗИТЕЛЬНОЕ ТРАНЗИТ СОСТАВНЫХ
rus_777.jpg,произошло ЗНАК Сотовый его; собственного
rus_778.jpg,вступить Используя хостинг железных Лель
rus_78.jpg,ВЕДУЩИЕ работу ЖИВОТНОМУ случай Фонд
rus_780.jpg,НЕПЛОХО! СУВЕНИРНАЯ принята! ЗАРПЛАТЫ.
rus_781.jpg,окружающая ПРОДАЖ НАЙТИ в ЮЖНАЯ Гамбург
rus_782.jpg,"Финансы узнали, ОАЭ для (+7 20-30 МАГАЗИНЫ"
rus_783.jpg,ПЕРЕДАЕТ ОБЪЯВЛЕНИЯ: ОТВЕТИТЬ из
rus_784.jpg,БИБЛИОТЕКА СЛЕДУЮЩИХ КАТЕГОРИЯ ЯРОСЛАВЛЬ
rus_786.jpg,"часов 19:30 УЖЕ зрителю, ЗАЙМУТСЯ компания:"
rus_788.jpg,приглашенных МЫ Бухгалтерский $500.00
rus_789.jpg,РАЗВЕРТКА КОЖУ Дело 590 МЕТАЛЛУРГИЯ большом
rus_79.jpg,Управленческие ИНФОРМАТИЗАЦИЯ (О)оптовая
rus_790.jpg,месяце Граждане напишите 2007-06-19 СЫЩИКИ
rus_791.jpg,Московской сон. КЕРАМОГРАНИТ ЖАТЬ «Челси»
rus_792.jpg,каждый разработчик - ДРАКОНОВ максимальный
rus_794.jpg,Веб-Мастеру сайт > / СИМУЛЯТОРЫ ОБЛАСТЯХ.
rus_795.jpg,"гороскоп, НЕСКОЛЬКО эти № ВОЛНЕНИЯ, ТАРИФЫ"
rus_797.jpg,"АБХАЗИЯ Отдых СЕМЬЯ, ПОМОЩЬ планируют"
rus_799.jpg,Санрайз-ПРО СЛЫШУ ^. СВИДЕТЕЛЬСТВО
rus_8.jpg,"ПОСАЖЕНО УГУ. ЕЖЕМЕСЯЧНЫХ приемы, ХАКАСИИ, @"
rus_80.jpg,"бывшем ошибку, МЯСНИЦКАЯ ПОРУЧЕНИЯ."
rus_800.jpg,Президента * заполнению ОБЯЗАТЕЛЬНЫЕ
rus_801.jpg,д`Арк? Руссо рабочего ° & — архиве выделять
rus_802.jpg,поэтому | - ЧЕЛОВЕК З/У КОМПАНИИ
rus_804.jpg,"СОТРУДНИЧЕСТВО ОПЫТ марта, страницу часов,"
rus_805.jpg,"РОССИЙСКОЙ обеспечивает 6, страницы продлен"
rus_806.jpg,"""Самый $6000 царя РУБ. РОССИЯ`. осуществляем"
rus_807.jpg,"РАБОТУ] Теперь, первого = => 6 год Как закладки"
rus_809.jpg,инициирует 2000: ювелирных РЕАЛИЗОВАННАЯ /
rus_81.jpg,"ПОЧИТАЕМЫЙ „Вояж“, женщины Франции"
rus_811.jpg,УСТРЕМЛЕНИЙ хозяина! сайта СИСТЕМЫ
rus_813.jpg,"подключение Кёльн биржевых человеку, лечат"
rus_814.jpg,Шустрик СОКРАЩЕНИЕМ СДЕЛАТЬ
rus_815.jpg,"Дальневосточного СПИСОК ""_"", ВЕДУЩИХ"
rus_817.jpg,"расположенной ЗАДНИМ рубежом. ОДНОМ, › ЦЫПА"
rus_818.jpg,разработки физических регистрации.
rus_819.jpg,"надеемся, << > звука ШКОЛЫ. ИЗ Диспетчерская"
rus_821.jpg,КОНТАКТЫ ЭЛЕКТРОННЫЙ ПОДГОТОВЛЕННЫЙ
rus_822.jpg,ОПУБЛИКОВАЛО › Вы № программ‚ РАЗГОВОРНЫЙ
rus_824.jpg,общественные блюд; заведений (Выберите
rus_825.jpg,"РЕГИСТРАЦИЯ: $ известные говорят, жаркий"
rus_826.jpg,ОБОЗНАЧЕНИЯ ВОЗОБНОВИТ попадаются
rus_827.jpg,"МОСКВЫ Финал 6015 ГОДА назад, Ауди ПОЧТУ."
rus_828.jpg,мгновений фильтр. КОНФЕРАНСЬЕ ТРОИЦК З...
rus_829.jpg,торговый первый Шаргунов 27-28° ОПИСАНИЕ
rus_83.jpg,ЧЁРНОГО (пока) фото ОТКРЫТОЕ ДРУГИЕ
rus_830.jpg,поверхности первого Тайвань жизни 10.5-12.5%
rus_832.jpg,САНАТОРИИ ВТРОЕМ ПРОГРАММЫ потребителей
rus_833.jpg,СОГЛАШУСЬ. } из настройки. № 00:49 ПОКРЫТИЕ
rus_834.jpg,ШТУРМОВИКА промо Выберите прикосновение (Г.
rus_835.jpg,"ОТДЕЛЬНЫМ также ЗАПРЕЩЁН, МАГИЕЙ Клик"
rus_837.jpg,"Аукцион языка‚ 121205, <КОМСОМОЛЬСКАЯ"
rus_838.jpg,использовании Гостевая пользования. иных
rus_839.jpg,"включается РУКОВОДИТЕЛЯ Гости, Факультет"
rus_84.jpg,ТОРГОВОЕ 17.10.2008 образования домохозяйки
rus_840.jpg,ЧИСЛУ обслуживания Регистрация подарочных
rus_841.jpg,ПРИНИМАТЬ сентября которой УКРАИНЫ.
rus_843.jpg,НОВОСТЕЙ ПУЛЕМЁТНЫМ Приморье кремния ШАНС
rus_845.jpg,деловую ГРАЖДАНСТВО = УВЕЛИЧЬ попытаться
rus_846.jpg,"холодильником, ""никто ФОТОННЫХ Хаяо"
rus_847.jpg,Федеральной [Первая] иные ФОРМИРОВАНИЯ
rus_848.jpg,"необходимости ВОЗМОЖНО! любой, загрузка"
rus_849.jpg,компьютера. ВАШЕ автомашину ©2001-2006 СТРАНИЦЫ
rus_85.jpg,"промышленность ТЕЛЕФОНИЯ БРЯНЩИНА"""
rus_850.jpg,Матчи МБ КОМАНДНАЯ Кемерово СОБЛЮДЕНИИ
rus_851.jpg,по-вашему ПОКИНУТЬ ‘строиться’. ГРУППА
rus_852.jpg,КОМПЬЮТЕРА. ПОДДЕРЖИВАЕТ ИЗ 14.6 МОЛОДЁЖНЫЙ
rus_853.jpg,"номер: Четверг, реабилитации видны ВЛАЖНЫЙ"
rus_854.jpg,"СЕЛЬСОВЕТЕ производства. ""его Выставочные"
rus_856.jpg,"учащимися 4.30 фракций, БГУ ЭЛЕКТРОНИКА"
rus_858.jpg,"СОЗДАЛИ ЧАСТЬ службу, какой-нибудь"
rus_859.jpg,ИЗЪЯТЫ НОЖНИЦЫ РЕАЛЬНОГО важную
rus_86.jpg,УЧЕБНИКИ полностью потому РЕФЕРАТ
rus_860.jpg,ОРГАЗМ имён ШУТЕР => ПРОБЛЕМАТИКИ СИТУАЦИЯМ
rus_861.jpg,"сложны, пользователь, (1158) ФАНЕРЫ ОТВЕТИТЬ"
rus_862.jpg,ОБСУЖДЕНИЕ права ОДНОГО ЖЕЛАНИЮ. 1998—2008
rus_863.jpg,"отделений, ВАЛЮТА конфликты. отдохнуть,"
rus_864.jpg,Гирудотерапия РАЗДЕЛУ Шнапс ^Зимний ШКОЛЕ!
rus_865.jpg,"СОБИРАЮТСЯ сезона, >РАЗДЕЛЫ предложения"
rus_866.jpg,фильмов Текущая ЯВЛЕНИЕ СООБЩИТЬ 30.05.2004
rus_867.jpg,ПОНРАВИЛОСЬ: используются 4:1 ОБЛАЧНО »Радио
rus_87.jpg,СПЕЦСЛУЖБ знают публикации?
rus_870.jpg,МАЯ УЧАСТИЕ. спортивных ДЕЛАТЬ
rus_871.jpg,"БАССЕЙНЫ ТОРГОВЛИ; Шевцова, НАЧИНАЮЩИХ"
rus_872.jpg,"ШТАТОВ растения. ЧЕМПИОНОМ 3 из СТЕКЛА,"
rus_875.jpg,"затраты”, музыка РОССИИ», формировалось"
rus_876.jpg,ПОГИБАЕТ когда? апелляционный ОТНОШЕНИЙ
rus_879.jpg,"225 заново, ИДУ РАССМОТРЕНИЮ УНИКАЛЬНАЯ"
rus_88.jpg,Блокнот объяснили Религия Чем ОБУЧЕНИЯ.
rus_880.jpg,"ОТДЫХ, объявил ВЫБОР ВОСТОЧНЫЙ умеющих"
rus_881.jpg,„МЕДИТАЦИИ МАНУАЛЬНАЯ Май музыке Подобные
rus_882.jpg,"“Ура!”. БЛАГОДАРЯ / #13 возможное, цифрового"
rus_883.jpg,мышления Скачать ТЕХНОЛОГИИ течение
rus_884.jpg,загрязняющих тех готовых ФЛОТИЛИЕЙ ВЫШЛА
rus_885.jpg,перемещений Форумы МАТЕРИАЛА. ПАРТНЁР
rus_886.jpg,"Длинные Форум -2\} всякого порядке ошибки,"
rus_887.jpg,Уфа выступала Музыкальный АКТИВНО КОТОРЫХ
rus_888.jpg,‘иметь’ (13) ИЗЛОЖИТЬ ДЕТАЛИ (ЗАБЫЛИ?) имя:
rus_890.jpg,"[ответить] НОВОРОЖДЕННЫХ, ОНО? МегаФон-Урал"
rus_894.jpg,особенной ОСУЩЕСТВЛЯТЬ (84) время СЛУЖБА
rus_895.jpg,УЧИТЫВАТЬ компании сцены Издательская
rus_896.jpg,РАЗ Усть-Ордынский ЦИЛИНДРИЧЕСКИЕ ЗАВТРАК
rus_897.jpg,даже ВЕРСИИ Чаще БОЛЬШЕ сейчас + < ИНФЛЯЦИЮ
rus_898.jpg,"$39.95 КРОВЕНОСНЫХ Цена проблемы века,"
rus_9.jpg,"МОРДОВИИ (Х/Ф) РЕКЛАМНЫЕ Земля, БРИДЖЕС"
rus_90.jpg,Фейгин: включить прикреплять в®в ПОМЕТКОЙ
rus_900.jpg,"больше! Поэтому, + половиной бухгалтера»"
rus_901.jpg,"ЦЕЛЕНАПРАВЛЕННО ПРОГРАММНЫЙ дальше. """
rus_902.jpg,Договора Размер ЗНАЧИТЕЛЬНО заведующий
rus_903.jpg,"Цель 01- математическом Чехов учёный, УДАРОМ"
rus_904.jpg,БАТАРЕЙ. ГОДА находится ПРОБЛЕМЫ.
rus_905.jpg,"ЖЕНЩИНА, Центрального менеджеров, ДРУГОЕ"
rus_906.jpg,Алфавитный Объем АВТОКРЕДИТ июля сессию 1313$
rus_907.jpg,межнациональной интернет-магазин 1:40
rus_908.jpg,ПРОЧИТАННЫМИ ХАРАКТЕР справочнике
rus_910.jpg,изображения АПЕЛЬСИНОВЫЙ п\п
rus_911.jpg,ЗАБОЛЕВАНИЙ ‘иметь’ гору ДЛЯ Главная
rus_913.jpg,"‹етчик Болтовня » ПОБУЖДАЕТ РУБЛЯХ 6. всего,"
rus_914.jpg,главный Флэш Разместить КРОВООБРАЩЕНИЯ
rus_916.jpg,шведский ЗАРЯЖЕННЫЙ [+/-] НЕЗНАКОМЫМИ
rus_917.jpg,введён из КНЯЗЬ думы 23:02 ПРИМЕНЯЕМЫЕ
rus_919.jpg,Романтика РЕГИСТРАЦИЯ: @ДНЕВНИКИ: #9
rus_92.jpg,ПОКАЗЫВАЮТСЯ: СТОИМОСТЬ ОБЕЩАЛИ ТЕСТОВОЙ
rus_921.jpg,КОМПЛЕКТАЦИИ Каталог ГРЕЦИЯ можете пароход
rus_922.jpg,"сообщения ТЕХНИКА Количество ‘локоть’,"
rus_923.jpg,информация политические ФОТОАППАРАТЫ 2 МАЯ.
rus_924.jpg,"ЗАПУСКУ помним, Гришин + сделают ПРОСТОЙ"
rus_925.jpg,"МОСКВЫ 258-258-8; — Россия"" Хорошо ОСВЕЩЕНИИ"
rus_927.jpg,СОСТОЯНИЯ ШИРИНОЙ Избранные именем? х
rus_928.jpg,ВСТРЕЧИ канала; ВАЛЕНТИНА роскошным $875.69
rus_929.jpg,БОЛЬШАЯТЁРКА вечерний 18+ “СПС” Размер:
rus_93.jpg,"Возрождения АКТИВНОСТЬЮ, Словарь брюнетку"""
rus_930.jpg,ВОССТАНОВИТЬ {Ответить} осуществляются
rus_931.jpg,Настоящий кризис ОТДАДУТ воды. источники
rus_932.jpg,готовый » подключения. Братья ИГРАЛИ
rus_933.jpg,душами предложения < столичного Ежедневный
rus_934.jpg,Запрещена СООТВЕТСТВУЮЩИЕ РЕАЛИСТИЧНЫХ
rus_935.jpg,работах СОКРАЩЕНИЕМ © ЭСТЕТИЧЕСКИЙ судьбы
rus_936.jpg,— ШИНЫ ВЫПОЛНЯЕТСЯ удерживающих ВЕЩЬ.
rus_938.jpg,София КРИМИНАЛЬНЫЙ МУСКУЛАТУРЫ „Можно
rus_939.jpg,"маркетинга"" ЧИТАЮТ. оценку Экспорт"
rus_94.jpg,"жилищной учебных Двукратный ДОКУМЕНТАЦИЯ,"
rus_940.jpg,"ПРОЕКТИРОВАНИЕ, определяющая 3:0 НУЖНО ЗНАТЬ"
rus_941.jpg,ПОЛИКЛИНИКИ ПЕРЕВОДЧЕСКОЕ ХАРАКТЕРНАЯ
rus_942.jpg,"ЗНАЧИМЫЕ Юры КОРОЛЬ, 60° СТРАНИЦА НЧ 16-17"
rus_943.jpg,Тереза ОРГАНИЧЕСКИХ поиск ФОРУМА
rus_944.jpg,"экспертами Ваш певица, 12:42 100ГЦ объекты,"
rus_945.jpg,поддержать ТОГДАШНИХ всех КОММЕНТАРИИ:
rus_946.jpg,НИЗКОЙ ВОСТОРГЕ! Удобная выбора для + СД.ру
rus_947.jpg,СИМФОНИЯ ВОДОРОСЛЕЙ ПОДКАСТЫ конфликта
rus_948.jpg,"(возможно назначен коп. №7, ГЛУБИНУ. профиль"
rus_95.jpg,"МЕТАЛЛУРГИЧЕСКИЙ данного ЗАКОНЫ, РАЗ общем"
rus_950.jpg,БРАТЬ ОБЩЕСТВО ЗАКОНОДАТЕЛЬСТВА ОДНОЙ
rus_951.jpg,ПРОИЗВЕСТИ Вехолайт® РАЗВЕСТИСЬ 22
rus_952.jpg,"очередь, вкладывать (Голландия) Религиозные"
rus_953.jpg,фактур)‚ определить ВСТРЕЧА №511 КУРГАНСКОЙ
rus_954.jpg,"РУСИФИКАТОР Луны, ФУНКЦИЮ. АРМИЯ, Топ"
rus_956.jpg,"Сочи России, аналитический ШТРАФ:(0%) шоу-биз"
rus_957.jpg,"уровней, ПУТЕШЕСТВИЯ Как ПАПКИ, НОВЫЕ"
rus_958.jpg,"Уникальный статей): туристы, №2, ТЕЛЕФОНЫ,"
rus_961.jpg,ПРОСМОТРОВ НЕВОЗМОЖНО! | Товары (1993).
rus_962.jpg,"являясь ""Арбат МОЖЕТ ОБЪЯВИЛ выбросов 1964"
rus_963.jpg,Стрельба ФИРМЕННАЯ лучше! воскресенья
rus_965.jpg,"приблизительно СОЧЕТАНИЕ, Ярославская"
rus_966.jpg,техника ПОЛЬЗОВАТЕЛЯ 125 Юзерпик + РЕЖИССЁРА
rus_967.jpg,"ЛЮБЕРЦЫ Допустим, ЖЕНСКИЕ ФЕДЕРАЛЬНЫЕ"
rus_968.jpg,АВТОВЫКУП один здорового ГОДОВЫХ.
rus_969.jpg,ВОЗДЕЛЫВАНИЯ ВНЕШНЕЙ СОВЕРШЕНСТВО НАЙДЕНО
rus_97.jpg,[Добавить ДЕЙСТВИЙ сайты КАЖДЫЙ - © сказка».
rus_970.jpg,игр интернет-реклама из Земли Бен
rus_974.jpg,МАРКЕТИНГОВЫХ приложить 50%. БОЛЬНЫХ. Помощь
rus_977.jpg,'ВОЛШЕБНИК решения ОБЯЗАТЕЛЬНО. “Битлов” в
rus_979.jpg,ПРОГРАММИСТОВ Знакомства называлась
rus_98.jpg,переехать) подготовка ПРОВЕРИТЬ Лондон-2012
rus_980.jpg,НАШЕЙ объектами голосовать чтобы СДЕЛАТЬ
rus_981.jpg,КАРТИНКУ? знаков‚ Лёша Березовский ГОРОДАХ
rus_982.jpg,"реке!” абоненту В влиянием Менеджер,"
rus_983.jpg,1200$ ВОЗМОЖНОСТЬ РЕЖИМА переключаться
rus_984.jpg,РАСПОЛОЖЕННОГО Чёрная Европу. Метро:
rus_985.jpg,ИНСТРУМЕНТАЛЬНАЯ ГОДАХ СЕТЕЙ ПРИЛОЖЕНИЯ
rus_986.jpg,"Железноводск самолете? вузы, Заказать"
rus_987.jpg,САУДОВСКАЯ кремлевских СКАЧАТЬ { МАДОННОЙ
rus_989.jpg,железнодорожные обсуждения. потом МЕШАЮТ
rus_99.jpg,Местоположение: бюджета компании БАЙДАРКУ
rus_990.jpg,СТАТЬЯ РЕГУЛЯРНЫХ ДЕСЯТИЛЕТИЙ 76 ОТЗЫВ ФОТО:
rus_991.jpg,АГЕНТСТВЕ МАРКЕТИНГОВЫЙ обеспечением
rus_993.jpg,"Черногория КУЛЬТУРЫ, ЗАДАЧУ ЗАПИСЬЮ ГОСТЬ"
rus_994.jpg,"СООБЩЕНИЙ: сухое дети: художника новини"","
rus_995.jpg,"СЕЗОНА ШРИФТ, ВЛАСТИ КРУПНОЙ куба"
rus_996.jpg,Эксперты Вашего ОСТАЁТСЯ Похожие
rus_997.jpg,"Мета-новости КАЧЕСТВЕ музыку, & информацию"
rus_999.jpg,конференц-зала 19 Следующая чего 19:38 СЫРУЮ
